insert into genre (genre_id, genre_name,genre_movies_number,genre_market_share) 
values (1,'Adventure',1102,27.14);
insert into genre (genre_id, genre_name,genre_movies_number,genre_market_share) 
values (2,'Action',1098,20.75);
insert into genre (genre_id, genre_name,genre_movies_number,genre_market_share) 
values (3,'Drama',5479,14.97);
insert into genre (genre_id, genre_name,genre_movies_number,genre_market_share) 
values (4,'Comedy',2418,14.17);
insert into genre (genre_id, genre_name,genre_movies_number,genre_market_share) 
values (5,'Thriller/Suspense',1186,8.33);
insert into genre (genre_id, genre_name,genre_movies_number,genre_market_share) 
values (6,'Horror',716,5.65);
insert into genre (genre_id, genre_name,genre_movies_number,genre_market_share) 
values (7,'Romantic Comedy',630,4.41);
insert into genre (genre_id, genre_name,genre_movies_number,genre_market_share) 
values (8,'Musical',201,1.81);
insert into genre (genre_id, genre_name,genre_movies_number,genre_market_share) 
values (9,'Documentary',2415,1.06);
insert into genre (genre_id, genre_name,genre_movies_number,genre_market_share) 
values (10,'Black Comedy',213,0.92);
insert into distributor (dist_id, dist_name, dist_movies_number, dist_market_share) 
values (1,'Walt Disney',588,17.02);
insert into distributor (dist_id, dist_name, dist_movies_number, dist_market_share) 
values (2,'Warner Bros.',824,15.25);
insert into distributor (dist_id, dist_name, dist_movies_number, dist_market_share) 
values (3,'Sony Pictures',747,12.24);
insert into distributor (dist_id, dist_name, dist_movies_number, dist_market_share) 
values (4,'Universal',535,11.81);
insert into distributor (dist_id, dist_name, dist_movies_number, dist_market_share) 
values (5,'20th Century Fox',525,10.88);
insert into distributor (dist_id, dist_name, dist_movies_number, dist_market_share) 
values (6,'Paramount Pictures',493,10.25);
insert into distributor (dist_id, dist_name, dist_movies_number, dist_market_share) 
values (7,'Lionsgate',426,4.05);
insert into distributor (dist_id, dist_name, dist_movies_number, dist_market_share) 
values (8,'New Line',209,2.61);
insert into distributor (dist_id, dist_name, dist_movies_number, dist_market_share) 
values (9,'Dreamworks SKG',77,1.8);
insert into distributor (dist_id, dist_name, dist_movies_number, dist_market_share) 
values (10,'Miramax',385,1.61);
insert into movie (movie_id, movie_name, movie_year, movie_revenue, dist_id, genre_id) 
values (1,'Batman Forever',1995,387522978,2,3);
insert into movie (movie_id, movie_name, movie_year, movie_revenue, dist_id, genre_id) 
values (2,'Independence Day', 1996,634504608,5,1);
insert into movie (movie_id, movie_name, movie_year, movie_revenue, dist_id, genre_id) 
values (3,'Men in Black', 1997,500207943,3,1);
insert into movie (movie_id, movie_name, movie_year, movie_revenue, dist_id, genre_id) 
values (4,'Titanic', 1998,865842808,6,1);
insert into movie (movie_id, movie_name, movie_year, movie_revenue, dist_id, genre_id) 
values (5,'Star Wars Ep. I: The Phantom Menace',1999,776153749,5,1);
insert into movie (movie_id, movie_name, movie_year, movie_revenue, dist_id, genre_id)
values (6,'How the Grinch Stole Christmas',2000,430583644,4,1);
insert into movie (movie_id, movie_name, movie_year, movie_revenue, dist_id, genre_id) 
values (7,'Harry Potter and the Sorcerer’s Stone',2001,486166890,2,1);
insert into movie (movie_id, movie_name, movie_year, movie_revenue, dist_id, genre_id) 
values (8,'Spider-Man',2002,636480273,3,1);
insert into movie (movie_id, movie_name, movie_year, movie_revenue, dist_id, genre_id) 
values (9,'Finding Nemo',2003,516050346,1,1);
insert into movie (movie_id, movie_name, movie_year, movie_revenue, dist_id, genre_id) 
values (10,'Shrek 2',2004,650826473,9,1);
insert into movie (movie_id, movie_name, movie_year, movie_revenue, dist_id, genre_id) 
values (11,'Star Wars Ep. III: Revenge of the Sith',2005,543413171,5,2);
insert into movie (movie_id, movie_name, movie_year, movie_revenue, dist_id, genre_id) 
values (12,'Pirates of the Caribbean: Dead Man’s Chest',2006,591995851,1,2);
insert into movie (movie_id, movie_name, movie_year, movie_revenue, dist_id, genre_id) 
values (13,'Spider-Man 3',2007,448054878,3,1);
insert into movie (movie_id, movie_name, movie_year, movie_revenue, dist_id, genre_id) 
values (14,'The Dark Knight',2008,677433772,2,1);
insert into movie (movie_id, movie_name, movie_year, movie_revenue, dist_id, genre_id) 
values (15,'Transformers: Revenge of the Fallen',2009,491112631,6,2);
insert into movie (movie_id, movie_name, movie_year, movie_revenue, dist_id, genre_id) 
values (16,'Toy Story 3',2010,481805411,1,2);
insert into movie (movie_id, movie_name, movie_year, movie_revenue, dist_id, genre_id) 
values (17,'Harry Potter and the Deathly Hallows: Part II',2011,440108798,2,2);
insert into movie (movie_id, movie_name, movie_year, movie_revenue, dist_id, genre_id) 
values (18,'The Avengers',2012,717331462,1,1);
insert into movie (movie_id, movie_name, movie_year, movie_revenue, dist_id, genre_id) 
values (19,'Iron Man 3',2013,460808016,1,1);
insert into movie (movie_id, movie_name, movie_year, movie_revenue, dist_id, genre_id) 
values (20,'Guardians of the Galaxy',2014,373413235,1,1);
insert into movie (movie_id, movie_name, movie_year, movie_revenue, dist_id, genre_id) 
values (21,'Star Wars Ep. VII: The Force Awakens',2015,806480887,1,2);
insert into movie (movie_id, movie_name, movie_year, movie_revenue, dist_id, genre_id) 
values (22,'Finding Dory',2016,514967322,1,2);
insert into movie (movie_id, movie_name, movie_year, movie_revenue, dist_id, genre_id) 
values (23,'Star Wars Ep. VIII: The Last Jedi',2017,528173936,1,2);
insert into movie (movie_id, movie_name, movie_year, movie_revenue, dist_id, genre_id) 
values (24,'Black Panther',2018,703901821,1,2);
